Department,Description,Known challenges users face
"California Secretary of State (SOS) - Business Programs Division","Gateway for forming and maintaining business entities (corporations, LLCs, LPs, nonprofits) via BizFile and paper; shares entity data with tax and licensing agencies.","Confusion about entity types and registered agents; missing Statements of Information; not realizing SOS suspension blocks tax accounts and licenses."
"Franchise Tax Board (FTB)","Administers business income taxes and the minimum franchise tax; opens tax accounts after SOS formation; coordinates data with IRS, SOS, EDD, CDTFA.","Surprise at the $800 minimum tax even with no income; confusion over doing business nexus and estimated payments; learning about obligations only after penalties."
"Employment Development Department (EDD)","Registers employers and administers payroll taxes (UI, SDI, ETT, PIT) via e-Services for Business; shares employer and wage data with other agencies.","Misclassification of workers as contractors; confusion about which payroll taxes apply and how often to file; difficulty resolving penalties and discrepancies with limited support capacity."
"California Department of Tax and Fee Administration (CDTFA)","Issues sellers permits and administers sales and use and excise taxes; uses an online portal for registration, filing, and payment; coordinates with SOS, FTB, EDD.","Misunderstanding what is taxable, especially online and out-of-state sales; trouble handling district tax variations and use tax; anxiety and complexity around audits and back tax assessments."
"Department of Consumer Affairs (DCA) - umbrella","Oversees many boards and bureaus that license millions of professionals; many use the BreEZe system for applications, renewals, and public lookup.","Difficulty finding the right board; inconsistent processes; opaque application status; BreEZe usability issues; missed renewals and continuing education requirements causing lapses."
"Contractors State License Board (CSLB)","Licenses and regulates contractors across many classifications; requires exams, background checks, bonds, and workers compensation; feeds license data to local building departments.","Long processing and exam queues; confusion about correct classification; lack of awareness of license verification tools; lapses due to missed renewals, bond, or insurance changes."
"Board of Registered Nursing (BRN)","Licenses registered nurses and advanced practice nurses via BreEZe; manages education verification, NCLEX authorization, endorsements, and continuing education.","Backlogs of 10 to 12 weeks or more; unclear status updates; confusion about continuing education and endorsement documentation; delays for out-of-state and international applicants."
"Medical Board of California","Licenses physicians and surgeons; manages complex initial applications, biennial renewals, and investigations and discipline.","Complex, documentation heavy applications; long verification and investigation timelines; difficult pathways for international and out-of-state physicians; limited transparency during reviews."
"California Board of Accountancy (CBA)","Licenses CPAs, public accountants, and firms; oversees education, exam, experience verification, continuing education tracking, and firm registration.","Confusion about 150 hour education and experience rules; issues with supervisor attestations; tracking and proving continuing education compliance; extra complexity for multi state practice."
"Bureau of Automotive Repair (BAR)","Registers automotive repair dealers and licenses smog stations and technicians; enforces repair and emissions standards.","Navigating both BAR and environmental rules; understanding required disclosures and documentation; dealing with enforcement actions tied to record keeping or diagnostic practices."
"Department of Alcoholic Beverage Control (ABC)","Licenses manufacture, distribution, and sale of alcohol; coordinates with local zoning, law enforcement, and CDTFA; operates under license caps for many areas.","Choosing correct license type; navigating license caps and private transfers; managing public notice, protests, and investigations; long, complex multi party approval timelines."
"Department of Cannabis Control (DCC)","Licenses all commercial cannabis activities; requires prior local approval and often CEQA progress; uses state track and trace and coordinates with CDTFA and local governments.","Sequencing local and state approvals; understanding CEQA pathways; managing complex license categories; heavy ongoing compliance for testing, labeling, security, and inventory tracking."
"Department of Real Estate (DRE)","Licenses real estate salespersons and brokers via eLicensing; oversees education, exams, continuing education, and discipline.","Confusion over education and experience prerequisites; exam scheduling issues; understanding when broker affiliation is required; tracking continuing education for on time renewal."
"California Department of Insurance (CDI)","Licenses insurance producers and adjusters; manages pre licensing education, exams, fingerprinting, renewals, and continuing education; coordinates via NAIC systems.","Picking correct license and lines; coordinating education and exams; tracking continuing education and renewal timelines; managing multi state licensing and reciprocity rules."
"California Department of Food and Agriculture (CDFA)","Issues permits and registrations for agricultural operations (livestock, brands, nurseries, some processing and cultivation); coordinates with counties and USDA.","Low awareness of needed permits until a problem occurs; fragmented, program specific processes; overlapping state, county, and federal rules that are hard to reconcile."
"Department of Industrial Relations (DIR)","Through Cal OSHA and other divisions, issues permits and licenses for elevators, pressure vessels, amusement rides, and certain high risk work; licenses farm labor contractors and talent agencies.","Technical, complex applications; coordinating inspections and corrective actions; uncertainty about which activities require permits and when renewals or re inspections are triggered."
"California Air Resources Board (CARB)","Oversees state level emissions programs, including ARBER registration for trucks and some equipment; sets standards used by local air districts.","Understanding which fleets or equipment are covered; tracking changing emissions rules and deadlines; coordinating CARB requirements with DMV, local districts, and facility permits."
"State Water Resources Control Board and Regional Water Boards","Administers stormwater and wastewater permits (for example, the Industrial General Permit via SMARTS); under SB 205, cities and counties must verify coverage before issuing some business licenses.","Late discovery of stormwater obligations; complexity of stormwater plans and sampling; confusion over SIC code coverage and SB 205 checks; usability issues with the SMARTS system."
"Department of Toxic Substances Control (DTSC)","Permits hazardous waste treatment, storage, and disposal facilities through intensive technical and public processes; coordinates with local and federal environmental regulators.","Very technical, lengthy applications; long and uncertain review timelines; difficulty interpreting hazardous waste classifications and corrective action duties; community opposition during permitting."
"Local Air Quality Management Districts","Issue Authority to Construct and Permit to Operate for equipment and activities emitting air pollutants; coordinate with planning departments and CARB.","Businesses often unaware that equipment needs air permits; difficulty estimating emissions and picking permit categories; coordinating permit review with construction timelines; ongoing monitoring and reporting burdens."
"Governors Office of Business and Economic Development (GO Biz)","Central business assistance office; runs the CalGOLD permit finder; provides hands on help navigating multi agency regulatory paths and resolving conflicts.","Information can lag fast changing local rules; businesses still must navigate many separate portals; getting coordinated, authoritative answers can be hard without direct engagement."
"California Office of the Small Business Advocate (CalOSBA)","Provides guides, counseling, and training for small businesses, including overviews of permits, licenses, and regulations; coordinates a network of technical assistance centers.","Many small businesses are unaware of available support; translating high level guidance into concrete, multi agency steps can still be difficult."
"CalGOLD","Online permit finder that lists likely state, local, and federal permits by business type and location, with contacts and links to responsible agencies.","Information completeness and freshness vary, especially for local jurisdictions; businesses must still leave CalGOLD and learn multiple agency specific systems, forms, and vocabularies."
